id;name;geoid;geoname;value;datetime
10205;Generación medida solar Sevilla;27;Sevilla;2712.82;2023-01-16T00:00:00+01:00
10205;Generación medida solar Sevilla;27;Sevilla;3744.092;2023-01-17T00:00:00+01:00
10205;Generación medida solar Sevilla;27;Sevilla;6866.897;2023-01-18T00:00:00+01:00
10205;Generación medida solar Sevilla;27;Sevilla;6227.734;2023-01-19T00:00:00+01:00
10205;Generación medida solar Sevilla;27;Sevilla;3806.451;2023-01-20T00:00:00+01:00
10205;Generación medida solar Sevilla;27;Sevilla;4477.177;2023-01-21T00:00:00+01:00
10205;Generación medida solar Sevilla;27;Sevilla;7799.996;2023-01-22T00:00:00+01:00
10205;Generación medida solar Sevilla;27;Sevilla;7927.642;2023-01-23T00:00:00+01:00
10205;Generación medida solar Sevilla;27;Sevilla;7300.857;2023-01-24T00:00:00+01:00
10205;Generación medida solar Sevilla;27;Sevilla;7763.845;2023-01-25T00:00:00+01:00
10205;Generación medida solar Sevilla;27;Sevilla;4562.929;2023-01-26T00:00:00+01:00
10205;Generación medida solar Sevilla;27;Sevilla;8019.786;2023-01-27T00:00:00+01:00
10205;Generación medida solar Sevilla;27;Sevilla;8523.588;2023-01-28T00:00:00+01:00
10205;Generación medida solar Sevilla;27;Sevilla;8543.719;2023-01-29T00:00:00+01:00
10205;Generación medida solar Sevilla;27;Sevilla;7877.87;2023-01-30T00:00:00+01:00
10205;Generación medida solar Sevilla;27;Sevilla;8530.046;2023-01-31T00:00:00+01:00
10205;Generación medida solar Sevilla;27;Sevilla;8660.354;2023-02-01T00:00:00+01:00
10205;Generación medida solar Sevilla;27;Sevilla;8465.097;2023-02-02T00:00:00+01:00
10205;Generación medida solar Sevilla;27;Sevilla;8867.061;2023-02-03T00:00:00+01:00
10205;Generación medida solar Sevilla;27;Sevilla;9301.736;2023-02-04T00:00:00+01:00
10205;Generación medida solar Sevilla;27;Sevilla;8714.622;2023-02-05T00:00:00+01:00
10205;Generación medida solar Sevilla;27;Sevilla;8769.477;2023-02-06T00:00:00+01:00
10205;Generación medida solar Sevilla;27;Sevilla;5360.748;2023-02-07T00:00:00+01:00
10205;Generación medida solar Sevilla;27;Sevilla;1431.084;2023-02-08T00:00:00+01:00
10205;Generación medida solar Sevilla;27;Sevilla;8429.065;2023-02-09T00:00:00+01:00
10205;Generación medida solar Sevilla;27;Sevilla;4452.808;2023-02-10T00:00:00+01:00
10205;Generación medida solar Sevilla;27;Sevilla;5975.128;2023-02-11T00:00:00+01:00
10205;Generación medida solar Sevilla;27;Sevilla;7430.268;2023-02-12T00:00:00+01:00
10205;Generación medida solar Sevilla;27;Sevilla;8144.552;2023-02-13T00:00:00+01:00
10205;Generación medida solar Sevilla;27;Sevilla;5057.705;2023-02-14T00:00:00+01:00
10205;Generación medida solar Sevilla;27;Sevilla;4672.256;2023-02-15T00:00:00+01:00
10205;Generación medida solar Sevilla;27;Sevilla;8656.316;2023-02-16T00:00:00+01:00
10205;Generación medida solar Sevilla;27;Sevilla;3228.887;2023-02-17T00:00:00+01:00
10205;Generación medida solar Sevilla;27;Sevilla;5802.399;2023-02-18T00:00:00+01:00
10205;Generación medida solar Sevilla;27;Sevilla;4662.756;2023-02-19T00:00:00+01:00
10205;Generación medida solar Sevilla;27;Sevilla;3434.044;2023-02-20T00:00:00+01:00
10205;Generación medida solar Sevilla;27;Sevilla;6598.641;2023-02-21T00:00:00+01:00
10205;Generación medida solar Sevilla;27;Sevilla;7811.876;2023-02-22T00:00:00+01:00
10205;Generación medida solar Sevilla;27;Sevilla;9302.412;2023-02-23T00:00:00+01:00
10205;Generación medida solar Sevilla;27;Sevilla;9636.397;2023-02-24T00:00:00+01:00
10205;Generación medida solar Sevilla;27;Sevilla;7530.68;2023-02-25T00:00:00+01:00
10205;Generación medida solar Sevilla;27;Sevilla;6271.496;2023-02-26T00:00:00+01:00
10205;Generación medida solar Sevilla;27;Sevilla;9997.087;2023-02-27T00:00:00+01:00
10205;Generación medida solar Sevilla;27;Sevilla;10970.711;2023-02-28T00:00:00+01:00
10205;Generación medida solar Sevilla;27;Sevilla;11546.042;2023-03-01T00:00:00+01:00
10205;Generación medida solar Sevilla;27;Sevilla;12241.451;2023-03-02T00:00:00+01:00
10205;Generación medida solar Sevilla;27;Sevilla;12160.183;2023-03-03T00:00:00+01:00
10205;Generación medida solar Sevilla;27;Sevilla;6431.51;2023-03-04T00:00:00+01:00
10205;Generación medida solar Sevilla;27;Sevilla;2855.566;2023-03-05T00:00:00+01:00
10205;Generación medida solar Sevilla;27;Sevilla;2413.603;2023-03-06T00:00:00+01:00
10205;Generación medida solar Sevilla;27;Sevilla;5227.889;2023-03-07T00:00:00+01:00
10205;Generación medida solar Sevilla;27;Sevilla;4382.701;2023-03-08T00:00:00+01:00
10205;Generación medida solar Sevilla;27;Sevilla;2763.029;2023-03-09T00:00:00+01:00
10205;Generación medida solar Sevilla;27;Sevilla;10281.224;2023-03-10T00:00:00+01:00
10205;Generación medida solar Sevilla;27;Sevilla;9567.509;2023-03-11T00:00:00+01:00
10205;Generación medida solar Sevilla;27;Sevilla;12161.955;2023-03-12T00:00:00+01:00
10205;Generación medida solar Sevilla;27;Sevilla;10398.531;2023-03-13T00:00:00+01:00
10205;Generación medida solar Sevilla;27;Sevilla;14010.026;2023-03-14T00:00:00+01:00
10205;Generación medida solar Sevilla;27;Sevilla;14147.79;2023-03-15T00:00:00+01:00
10205;Generación medida solar Sevilla;27;Sevilla;11219.919;2023-03-16T00:00:00+01:00
10205;Generación medida solar Sevilla;27;Sevilla;8658.567;2023-03-17T00:00:00+01:00
10205;Generación medida solar Sevilla;27;Sevilla;8307.27;2023-03-18T00:00:00+01:00
10205;Generación medida solar Sevilla;27;Sevilla;13801.371;2023-03-19T00:00:00+01:00
10205;Generación medida solar Sevilla;27;Sevilla;15098.891;2023-03-20T00:00:00+01:00
10205;Generación medida solar Sevilla;27;Sevilla;13958.64;2023-03-21T00:00:00+01:00
10205;Generación medida solar Sevilla;27;Sevilla;14788.124;2023-03-22T00:00:00+01:00
10205;Generación medida solar Sevilla;27;Sevilla;13811.979;2023-03-23T00:00:00+01:00
10205;Generación medida solar Sevilla;27;Sevilla;12914.595;2023-03-24T00:00:00+01:00
10205;Generación medida solar Sevilla;27;Sevilla;15058.044;2023-03-25T00:00:00+01:00
10205;Generación medida solar Sevilla;27;Sevilla;13535.404;2023-03-26T00:00:00+01:00
10205;Generación medida solar Sevilla;27;Sevilla;12177.862;2023-03-27T00:00:00+02:00
10205;Generación medida solar Sevilla;27;Sevilla;13936.035;2023-03-28T00:00:00+02:00
10205;Generación medida solar Sevilla;27;Sevilla;13509.075;2023-03-29T00:00:00+02:00
10205;Generación medida solar Sevilla;27;Sevilla;13248.293;2023-03-30T00:00:00+02:00
10205;Generación medida solar Sevilla;27;Sevilla;13605.632;2023-03-31T00:00:00+02:00
10205;Generación medida solar Sevilla;27;Sevilla;13125.212;2023-04-01T00:00:00+02:00
10205;Generación medida solar Sevilla;27;Sevilla;15113.667;2023-04-02T00:00:00+02:00
10205;Generación medida solar Sevilla;27;Sevilla;15806.217;2023-04-03T00:00:00+02:00
10205;Generación medida solar Sevilla;27;Sevilla;5699.322;2023-04-04T00:00:00+02:00
10205;Generación medida solar Sevilla;27;Sevilla;16543.75;2023-04-05T00:00:00+02:00
10205;Generación medida solar Sevilla;27;Sevilla;13450.507;2023-04-06T00:00:00+02:00
10205;Generación medida solar Sevilla;27;Sevilla;15966.79;2023-04-07T00:00:00+02:00
10205;Generación medida solar Sevilla;27;Sevilla;14936;2023-04-08T00:00:00+02:00
10205;Generación medida solar Sevilla;27;Sevilla;11733.266;2023-04-09T00:00:00+02:00
10205;Generación medida solar Sevilla;27;Sevilla;13331.628;2023-04-10T00:00:00+02:00
10205;Generación medida solar Sevilla;27;Sevilla;17097.476;2023-04-11T00:00:00+02:00
10205;Generación medida solar Sevilla;27;Sevilla;13109.286;2023-04-12T00:00:00+02:00
10205;Generación medida solar Sevilla;27;Sevilla;15059.777;2023-04-13T00:00:00+02:00
10205;Generación medida solar Sevilla;27;Sevilla;15098.153;2023-04-14T00:00:00+02:00
10205;Generación medida solar Sevilla;27;Sevilla;15610.577;2023-04-15T00:00:00+02:00
10205;Generación medida solar Sevilla;27;Sevilla;15596.336;2023-04-16T00:00:00+02:00
10205;Generación medida solar Sevilla;27;Sevilla;18139.336;2023-04-17T00:00:00+02:00
10205;Generación medida solar Sevilla;27;Sevilla;17968.194;2023-04-18T00:00:00+02:00
10205;Generación medida solar Sevilla;27;Sevilla;16358.978;2023-04-19T00:00:00+02:00
10205;Generación medida solar Sevilla;27;Sevilla;16395.475;2023-04-20T00:00:00+02:00
10205;Generación medida solar Sevilla;27;Sevilla;11278.749;2023-04-21T00:00:00+02:00
10205;Generación medida solar Sevilla;27;Sevilla;12662.114;2023-04-22T00:00:00+02:00
10205;Generación medida solar Sevilla;27;Sevilla;16291.006;2023-04-23T00:00:00+02:00
10205;Generación medida solar Sevilla;27;Sevilla;18088.789;2023-04-24T00:00:00+02:00
10205;Generación medida solar Sevilla;27;Sevilla;17776.843;2023-04-25T00:00:00+02:00
10205;Generación medida solar Sevilla;27;Sevilla;18307.904;2023-04-26T00:00:00+02:00
10205;Generación medida solar Sevilla;27;Sevilla;12341.233;2023-04-27T00:00:00+02:00
10205;Generación medida solar Sevilla;27;Sevilla;10233.613;2023-04-28T00:00:00+02:00
10205;Generación medida solar Sevilla;27;Sevilla;12265.969;2023-04-29T00:00:00+02:00
10205;Generación medida solar Sevilla;27;Sevilla;10492.558;2023-04-30T00:00:00+02:00
10205;Generación medida solar Sevilla;27;Sevilla;15561.347;2023-05-01T00:00:00+02:00
10205;Generación medida solar Sevilla;27;Sevilla;13867.626;2023-05-02T00:00:00+02:00
10205;Generación medida solar Sevilla;27;Sevilla;12724.988;2023-05-03T00:00:00+02:00
10205;Generación medida solar Sevilla;27;Sevilla;15869.546;2023-05-04T00:00:00+02:00
10205;Generación medida solar Sevilla;27;Sevilla;17929.106;2023-05-05T00:00:00+02:00
10205;Generación medida solar Sevilla;27;Sevilla;18658.27;2023-05-06T00:00:00+02:00
10205;Generación medida solar Sevilla;27;Sevilla;17806.865;2023-05-07T00:00:00+02:00
10205;Generación medida solar Sevilla;27;Sevilla;15379.367;2023-05-08T00:00:00+02:00
10205;Generación medida solar Sevilla;27;Sevilla;16456.016;2023-05-09T00:00:00+02:00
10205;Generación medida solar Sevilla;27;Sevilla;17791.695;2023-05-10T00:00:00+02:00
10205;Generación medida solar Sevilla;27;Sevilla;18510.101;2023-05-11T00:00:00+02:00
10205;Generación medida solar Sevilla;27;Sevilla;18876.496;2023-05-12T00:00:00+02:00
10205;Generación medida solar Sevilla;27;Sevilla;17454.298;2023-05-13T00:00:00+02:00
10205;Generación medida solar Sevilla;27;Sevilla;17330.706;2023-05-14T00:00:00+02:00
10205;Generación medida solar Sevilla;27;Sevilla;17536.577;2023-05-15T00:00:00+02:00
10205;Generación medida solar Sevilla;27;Sevilla;16304.935;2023-05-16T00:00:00+02:00
10205;Generación medida solar Sevilla;27;Sevilla;7178.871;2023-05-17T00:00:00+02:00
10205;Generación medida solar Sevilla;27;Sevilla;10347.992;2023-05-18T00:00:00+02:00
10205;Generación medida solar Sevilla;27;Sevilla;14789.797;2023-05-19T00:00:00+02:00
10205;Generación medida solar Sevilla;27;Sevilla;9504.341;2023-05-20T00:00:00+02:00
10205;Generación medida solar Sevilla;27;Sevilla;6081.815;2023-05-21T00:00:00+02:00
10205;Generación medida solar Sevilla;27;Sevilla;5298.618;2023-05-22T00:00:00+02:00
10205;Generación medida solar Sevilla;27;Sevilla;5240.891;2023-05-23T00:00:00+02:00
10205;Generación medida solar Sevilla;27;Sevilla;13999.527;2023-05-24T00:00:00+02:00
10205;Generación medida solar Sevilla;27;Sevilla;17202.918;2023-05-25T00:00:00+02:00
10205;Generación medida solar Sevilla;27;Sevilla;12966.141;2023-05-26T00:00:00+02:00
10205;Generación medida solar Sevilla;27;Sevilla;5401.962;2023-05-27T00:00:00+02:00
10205;Generación medida solar Sevilla;27;Sevilla;7634.627;2023-05-28T00:00:00+02:00
10205;Generación medida solar Sevilla;27;Sevilla;15710.48;2023-05-29T00:00:00+02:00
10205;Generación medida solar Sevilla;27;Sevilla;17979.13;2023-05-30T00:00:00+02:00
10205;Generación medida solar Sevilla;27;Sevilla;17381.894;2023-05-31T00:00:00+02:00
10205;Generación medida solar Sevilla;27;Sevilla;10698.819;2023-06-01T00:00:00+02:00
10205;Generación medida solar Sevilla;27;Sevilla;11088.116;2023-06-02T00:00:00+02:00
10205;Generación medida solar Sevilla;27;Sevilla;15593.338;2023-06-03T00:00:00+02:00
10205;Generación medida solar Sevilla;27;Sevilla;15983.038;2023-06-04T00:00:00+02:00
10205;Generación medida solar Sevilla;27;Sevilla;17138.607;2023-06-05T00:00:00+02:00
10205;Generación medida solar Sevilla;27;Sevilla;15779.747;2023-06-06T00:00:00+02:00
10205;Generación medida solar Sevilla;27;Sevilla;8525.226;2023-06-07T00:00:00+02:00
10205;Generación medida solar Sevilla;27;Sevilla;3072.002;2023-06-08T00:00:00+02:00
10205;Generación medida solar Sevilla;27;Sevilla;11526.423;2023-06-09T00:00:00+02:00
10205;Generación medida solar Sevilla;27;Sevilla;13256.862;2023-06-10T00:00:00+02:00
10205;Generación medida solar Sevilla;27;Sevilla;16437.312;2023-06-11T00:00:00+02:00
10205;Generación medida solar Sevilla;27;Sevilla;14000.685;2023-06-12T00:00:00+02:00
10205;Generación medida solar Sevilla;27;Sevilla;15989.686;2023-06-13T00:00:00+02:00
10205;Generación medida solar Sevilla;27;Sevilla;19428.611;2023-06-14T00:00:00+02:00
10205;Generación medida solar Sevilla;27;Sevilla;19718.824;2023-06-15T00:00:00+02:00
10205;Generación medida solar Sevilla;27;Sevilla;18247.22;2023-06-16T00:00:00+02:00
10205;Generación medida solar Sevilla;27;Sevilla;18086.682;2023-06-17T00:00:00+02:00
10205;Generación medida solar Sevilla;27;Sevilla;15878.379;2023-06-18T00:00:00+02:00
10205;Generación medida solar Sevilla;27;Sevilla;15215.594;2023-06-19T00:00:00+02:00
10205;Generación medida solar Sevilla;27;Sevilla;12199.058;2023-06-20T00:00:00+02:00
10205;Generación medida solar Sevilla;27;Sevilla;15509.088;2023-06-21T00:00:00+02:00
10205;Generación medida solar Sevilla;27;Sevilla;18896.323;2023-06-22T00:00:00+02:00
10205;Generación medida solar Sevilla;27;Sevilla;19356.159;2023-06-23T00:00:00+02:00
10205;Generación medida solar Sevilla;27;Sevilla;18048.837;2023-06-24T00:00:00+02:00
10205;Generación medida solar Sevilla;27;Sevilla;16582.689;2023-06-25T00:00:00+02:00
10205;Generación medida solar Sevilla;27;Sevilla;18094.86;2023-06-26T00:00:00+02:00
10205;Generación medida solar Sevilla;27;Sevilla;16581.7;2023-06-27T00:00:00+02:00
10205;Generación medida solar Sevilla;27;Sevilla;12853.446;2023-06-28T00:00:00+02:00
10205;Generación medida solar Sevilla;27;Sevilla;15565.07;2023-06-29T00:00:00+02:00
10205;Generación medida solar Sevilla;27;Sevilla;17507.622;2023-06-30T00:00:00+02:00
10205;Generación medida solar Sevilla;27;Sevilla;16505.182;2023-07-01T00:00:00+02:00
10205;Generación medida solar Sevilla;27;Sevilla;16103.756;2023-07-02T00:00:00+02:00
10205;Generación medida solar Sevilla;27;Sevilla;18803.164;2023-07-03T00:00:00+02:00
10205;Generación medida solar Sevilla;27;Sevilla;18685.399;2023-07-04T00:00:00+02:00
10205;Generación medida solar Sevilla;27;Sevilla;16950.617;2023-07-05T00:00:00+02:00
10205;Generación medida solar Sevilla;27;Sevilla;18716.023;2023-07-06T00:00:00+02:00
10205;Generación medida solar Sevilla;27;Sevilla;19308.084;2023-07-07T00:00:00+02:00
10205;Generación medida solar Sevilla;27;Sevilla;19215.278;2023-07-08T00:00:00+02:00
10205;Generación medida solar Sevilla;27;Sevilla;18705.099;2023-07-09T00:00:00+02:00
10205;Generación medida solar Sevilla;27;Sevilla;16050.651;2023-07-10T00:00:00+02:00
10205;Generación medida solar Sevilla;27;Sevilla;15944.375;2023-07-11T00:00:00+02:00
10205;Generación medida solar Sevilla;27;Sevilla;18046.375;2023-07-12T00:00:00+02:00
10205;Generación medida solar Sevilla;27;Sevilla;18727.515;2023-07-13T00:00:00+02:00
10205;Generación medida solar Sevilla;27;Sevilla;18204.239;2023-07-14T00:00:00+02:00
10205;Generación medida solar Sevilla;27;Sevilla;18147.526;2023-07-15T00:00:00+02:00
10205;Generación medida solar Sevilla;27;Sevilla;16965.919;2023-07-16T00:00:00+02:00
10205;Generación medida solar Sevilla;27;Sevilla;16245.018;2023-07-17T00:00:00+02:00
10205;Generación medida solar Sevilla;27;Sevilla;11663.86;2023-07-18T00:00:00+02:00
10205;Generación medida solar Sevilla;27;Sevilla;12864.308;2023-07-19T00:00:00+02:00
10205;Generación medida solar Sevilla;27;Sevilla;16708.17;2023-07-20T00:00:00+02:00
10205;Generación medida solar Sevilla;27;Sevilla;18477.349;2023-07-21T00:00:00+02:00
10205;Generación medida solar Sevilla;27;Sevilla;18211.093;2023-07-22T00:00:00+02:00
10205;Generación medida solar Sevilla;27;Sevilla;13747.69;2023-07-23T00:00:00+02:00
10205;Generación medida solar Sevilla;27;Sevilla;17737.18;2023-07-24T00:00:00+02:00
10205;Generación medida solar Sevilla;27;Sevilla;19020.571;2023-07-25T00:00:00+02:00
10205;Generación medida solar Sevilla;27;Sevilla;18617.305;2023-07-26T00:00:00+02:00
10205;Generación medida solar Sevilla;27;Sevilla;17396.406;2023-07-27T00:00:00+02:00
10205;Generación medida solar Sevilla;27;Sevilla;18611.496;2023-07-28T00:00:00+02:00
10205;Generación medida solar Sevilla;27;Sevilla;18291.338;2023-07-29T00:00:00+02:00
10205;Generación medida solar Sevilla;27;Sevilla;17380.813;2023-07-30T00:00:00+02:00
10205;Generación medida solar Sevilla;27;Sevilla;18427.573;2023-07-31T00:00:00+02:00
10205;Generación medida solar Sevilla;27;Sevilla;18397.751;2023-08-01T00:00:00+02:00
10205;Generación medida solar Sevilla;27;Sevilla;18131.14;2023-08-02T00:00:00+02:00
10205;Generación medida solar Sevilla;27;Sevilla;17595.544;2023-08-03T00:00:00+02:00
10205;Generación medida solar Sevilla;27;Sevilla;17266.513;2023-08-04T00:00:00+02:00
10205;Generación medida solar Sevilla;27;Sevilla;17680.486;2023-08-05T00:00:00+02:00
10205;Generación medida solar Sevilla;27;Sevilla;16077.099;2023-08-06T00:00:00+02:00
10205;Generación medida solar Sevilla;27;Sevilla;15076.822;2023-08-07T00:00:00+02:00
10205;Generación medida solar Sevilla;27;Sevilla;12331.195;2023-08-08T00:00:00+02:00
10205;Generación medida solar Sevilla;27;Sevilla;9496.949;2023-08-09T00:00:00+02:00
10205;Generación medida solar Sevilla;27;Sevilla;12184.524;2023-08-10T00:00:00+02:00
10205;Generación medida solar Sevilla;27;Sevilla;16915.935;2023-08-11T00:00:00+02:00
10205;Generación medida solar Sevilla;27;Sevilla;17111.581;2023-08-12T00:00:00+02:00
10205;Generación medida solar Sevilla;27;Sevilla;17793.723;2023-08-13T00:00:00+02:00
10205;Generación medida solar Sevilla;27;Sevilla;17918.668;2023-08-14T00:00:00+02:00
10205;Generación medida solar Sevilla;27;Sevilla;16397.281;2023-08-15T00:00:00+02:00
10205;Generación medida solar Sevilla;27;Sevilla;15786.912;2023-08-16T00:00:00+02:00
10205;Generación medida solar Sevilla;27;Sevilla;17744.323;2023-08-17T00:00:00+02:00
10205;Generación medida solar Sevilla;27;Sevilla;15116.013;2023-08-18T00:00:00+02:00
10205;Generación medida solar Sevilla;27;Sevilla;16149.626;2023-08-19T00:00:00+02:00
10205;Generación medida solar Sevilla;27;Sevilla;15448.975;2023-08-20T00:00:00+02:00
10205;Generación medida solar Sevilla;27;Sevilla;15745.335;2023-08-21T00:00:00+02:00
10205;Generación medida solar Sevilla;27;Sevilla;16236.051;2023-08-22T00:00:00+02:00
10205;Generación medida solar Sevilla;27;Sevilla;16215.521;2023-08-23T00:00:00+02:00
10205;Generación medida solar Sevilla;27;Sevilla;15713.093;2023-08-24T00:00:00+02:00
10205;Generación medida solar Sevilla;27;Sevilla;14005.733;2023-08-25T00:00:00+02:00
10205;Generación medida solar Sevilla;27;Sevilla;6205.578;2023-08-26T00:00:00+02:00
10205;Generación medida solar Sevilla;27;Sevilla;15187.219;2023-08-27T00:00:00+02:00
10205;Generación medida solar Sevilla;27;Sevilla;17060.214;2023-08-28T00:00:00+02:00
10205;Generación medida solar Sevilla;27;Sevilla;16898.415;2023-08-29T00:00:00+02:00
10205;Generación medida solar Sevilla;27;Sevilla;15643.971;2023-08-30T00:00:00+02:00
10205;Generación medida solar Sevilla;27;Sevilla;15603.957;2023-08-31T00:00:00+02:00
10205;Generación medida solar Sevilla;27;Sevilla;13185.887;2023-09-01T00:00:00+02:00
10205;Generación medida solar Sevilla;27;Sevilla;6821.67;2023-09-02T00:00:00+02:00
10205;Generación medida solar Sevilla;27;Sevilla;3537.05;2023-09-03T00:00:00+02:00
10205;Generación medida solar Sevilla;27;Sevilla;13035.899;2023-09-04T00:00:00+02:00
10205;Generación medida solar Sevilla;27;Sevilla;12882.549;2023-09-05T00:00:00+02:00
10205;Generación medida solar Sevilla;27;Sevilla;12253.754;2023-09-06T00:00:00+02:00
10205;Generación medida solar Sevilla;27;Sevilla;8711.552;2023-09-07T00:00:00+02:00
10205;Generación medida solar Sevilla;27;Sevilla;13475.434;2023-09-08T00:00:00+02:00
10205;Generación medida solar Sevilla;27;Sevilla;10832.496;2023-09-09T00:00:00+02:00
10205;Generación medida solar Sevilla;27;Sevilla;13350.224;2023-09-10T00:00:00+02:00
10205;Generación medida solar Sevilla;27;Sevilla;14025.046;2023-09-11T00:00:00+02:00
10205;Generación medida solar Sevilla;27;Sevilla;14855.74;2023-09-12T00:00:00+02:00
10205;Generación medida solar Sevilla;27;Sevilla;15645.563;2023-09-13T00:00:00+02:00
10205;Generación medida solar Sevilla;27;Sevilla;13528.492;2023-09-14T00:00:00+02:00
10205;Generación medida solar Sevilla;27;Sevilla;10784.872;2023-09-15T00:00:00+02:00
10205;Generación medida solar Sevilla;27;Sevilla;6035.243;2023-09-16T00:00:00+02:00
10205;Generación medida solar Sevilla;27;Sevilla;7063.268;2023-09-17T00:00:00+02:00
10205;Generación medida solar Sevilla;27;Sevilla;9516.541;2023-09-18T00:00:00+02:00
10205;Generación medida solar Sevilla;27;Sevilla;15481.46;2023-09-19T00:00:00+02:00
10205;Generación medida solar Sevilla;27;Sevilla;14818.548;2023-09-20T00:00:00+02:00
10205;Generación medida solar Sevilla;27;Sevilla;7378.019;2023-09-21T00:00:00+02:00
10205;Generación medida solar Sevilla;27;Sevilla;10661.013;2023-09-22T00:00:00+02:00
10205;Generación medida solar Sevilla;27;Sevilla;15937.097;2023-09-23T00:00:00+02:00
10205;Generación medida solar Sevilla;27;Sevilla;15497.824;2023-09-24T00:00:00+02:00
10205;Generación medida solar Sevilla;27;Sevilla;15881.921;2023-09-25T00:00:00+02:00
10205;Generación medida solar Sevilla;27;Sevilla;15574.358;2023-09-26T00:00:00+02:00
10205;Generación medida solar Sevilla;27;Sevilla;15113.706;2023-09-27T00:00:00+02:00
10205;Generación medida solar Sevilla;27;Sevilla;15178.647;2023-09-28T00:00:00+02:00
10205;Generación medida solar Sevilla;27;Sevilla;15263.844;2023-09-29T00:00:00+02:00
10205;Generación medida solar Sevilla;27;Sevilla;15169.866;2023-09-30T00:00:00+02:00
10205;Generación medida solar Sevilla;27;Sevilla;15280.386;2023-10-01T00:00:00+02:00
10205;Generación medida solar Sevilla;27;Sevilla;14480.959;2023-10-02T00:00:00+02:00
10205;Generación medida solar Sevilla;27;Sevilla;13232.783;2023-10-03T00:00:00+02:00
10205;Generación medida solar Sevilla;27;Sevilla;12230.822;2023-10-04T00:00:00+02:00
10205;Generación medida solar Sevilla;27;Sevilla;13886.235;2023-10-05T00:00:00+02:00
10205;Generación medida solar Sevilla;27;Sevilla;11651.056;2023-10-06T00:00:00+02:00
10205;Generación medida solar Sevilla;27;Sevilla;9960.346;2023-10-07T00:00:00+02:00
10205;Generación medida solar Sevilla;27;Sevilla;13465.891;2023-10-08T00:00:00+02:00
10205;Generación medida solar Sevilla;27;Sevilla;13520.192;2023-10-09T00:00:00+02:00
10205;Generación medida solar Sevilla;27;Sevilla;13358.519;2023-10-10T00:00:00+02:00
10205;Generación medida solar Sevilla;27;Sevilla;13321.378;2023-10-11T00:00:00+02:00
10205;Generación medida solar Sevilla;27;Sevilla;13177.756;2023-10-12T00:00:00+02:00
10205;Generación medida solar Sevilla;27;Sevilla;7946.697;2023-10-13T00:00:00+02:00
10205;Generación medida solar Sevilla;27;Sevilla;7267.222;2023-10-14T00:00:00+02:00
10205;Generación medida solar Sevilla;27;Sevilla;6448.933;2023-10-15T00:00:00+02:00
10205;Generación medida solar Sevilla;27;Sevilla;5950.121;2023-10-16T00:00:00+02:00
10205;Generación medida solar Sevilla;27;Sevilla;4588.879;2023-10-17T00:00:00+02:00
10205;Generación medida solar Sevilla;27;Sevilla;6299.382;2023-10-18T00:00:00+02:00
10205;Generación medida solar Sevilla;27;Sevilla;1504.538;2023-10-19T00:00:00+02:00
10205;Generación medida solar Sevilla;27;Sevilla;8637.287;2023-10-20T00:00:00+02:00
10205;Generación medida solar Sevilla;27;Sevilla;10768.266;2023-10-21T00:00:00+02:00
10205;Generación medida solar Sevilla;27;Sevilla;1457.521;2023-10-22T00:00:00+02:00
10205;Generación medida solar Sevilla;27;Sevilla;3142.995;2023-10-23T00:00:00+02:00
10205;Generación medida solar Sevilla;27;Sevilla;8472.118;2023-10-24T00:00:00+02:00
10205;Generación medida solar Sevilla;27;Sevilla;6142.58;2023-10-25T00:00:00+02:00
10205;Generación medida solar Sevilla;27;Sevilla;2667.46;2023-10-26T00:00:00+02:00
10205;Generación medida solar Sevilla;27;Sevilla;7203.419;2023-10-27T00:00:00+02:00
10205;Generación medida solar Sevilla;27;Sevilla;7505.127;2023-10-28T00:00:00+02:00
10205;Generación medida solar Sevilla;27;Sevilla;4911.874;2023-10-29T00:00:00+02:00
10205;Generación medida solar Sevilla;27;Sevilla;7962.475;2023-10-30T00:00:00+01:00
10205;Generación medida solar Sevilla;27;Sevilla;1761.894;2023-10-31T00:00:00+01:00
10205;Generación medida solar Sevilla;27;Sevilla;5102.732;2023-11-01T00:00:00+01:00
10205;Generación medida solar Sevilla;27;Sevilla;3446.25;2023-11-02T00:00:00+01:00
10205;Generación medida solar Sevilla;27;Sevilla;5838.598;2023-11-03T00:00:00+01:00
10205;Generación medida solar Sevilla;27;Sevilla;4279.774;2023-11-04T00:00:00+01:00
10205;Generación medida solar Sevilla;27;Sevilla;7219.665;2023-11-05T00:00:00+01:00
10205;Generación medida solar Sevilla;27;Sevilla;9280.359;2023-11-06T00:00:00+01:00
10205;Generación medida solar Sevilla;27;Sevilla;10174.474;2023-11-07T00:00:00+01:00
10205;Generación medida solar Sevilla;27;Sevilla;6412.952;2023-11-08T00:00:00+01:00
10205;Generación medida solar Sevilla;27;Sevilla;3349.996;2023-11-09T00:00:00+01:00
10205;Generación medida solar Sevilla;27;Sevilla;8109.51;2023-11-10T00:00:00+01:00
10205;Generación medida solar Sevilla;27;Sevilla;4902.604;2023-11-11T00:00:00+01:00
10205;Generación medida solar Sevilla;27;Sevilla;7357.685;2023-11-12T00:00:00+01:00
10205;Generación medida solar Sevilla;27;Sevilla;8697.446;2023-11-13T00:00:00+01:00
10205;Generación medida solar Sevilla;27;Sevilla;9075.348;2023-11-14T00:00:00+01:00
10205;Generación medida solar Sevilla;27;Sevilla;8980.888;2023-11-15T00:00:00+01:00
10205;Generación medida solar Sevilla;27;Sevilla;7047.598;2023-11-16T00:00:00+01:00
10205;Generación medida solar Sevilla;27;Sevilla;8356.285;2023-11-17T00:00:00+01:00
10205;Generación medida solar Sevilla;27;Sevilla;8744.35;2023-11-18T00:00:00+01:00
10205;Generación medida solar Sevilla;27;Sevilla;8565.609;2023-11-19T00:00:00+01:00
10205;Generación medida solar Sevilla;27;Sevilla;8170.688;2023-11-20T00:00:00+01:00
10205;Generación medida solar Sevilla;27;Sevilla;5517.681;2023-11-21T00:00:00+01:00
10205;Generación medida solar Sevilla;27;Sevilla;8845.533;2023-11-22T00:00:00+01:00
10205;Generación medida solar Sevilla;27;Sevilla;8614.184;2023-11-23T00:00:00+01:00
10205;Generación medida solar Sevilla;27;Sevilla;8796.751;2023-11-24T00:00:00+01:00
10205;Generación medida solar Sevilla;27;Sevilla;8571.838;2023-11-25T00:00:00+01:00
10205;Generación medida solar Sevilla;27;Sevilla;6955.826;2023-11-26T00:00:00+01:00
10205;Generación medida solar Sevilla;27;Sevilla;3365.811;2023-11-27T00:00:00+01:00
10205;Generación medida solar Sevilla;27;Sevilla;1962.193;2023-11-28T00:00:00+01:00
10205;Generación medida solar Sevilla;27;Sevilla;1157.773;2023-11-29T00:00:00+01:00
10205;Generación medida solar Sevilla;27;Sevilla;1716.595;2023-11-30T00:00:00+01:00
10205;Generación medida solar Sevilla;27;Sevilla;4341.79;2023-12-01T00:00:00+01:00
10205;Generación medida solar Sevilla;27;Sevilla;7635.181;2023-12-02T00:00:00+01:00
10205;Generación medida solar Sevilla;27;Sevilla;6139.078;2023-12-03T00:00:00+01:00
10205;Generación medida solar Sevilla;27;Sevilla;789.741;2023-12-04T00:00:00+01:00
10205;Generación medida solar Sevilla;27;Sevilla;1537.944;2023-12-05T00:00:00+01:00
10205;Generación medida solar Sevilla;27;Sevilla;1321.715;2023-12-06T00:00:00+01:00
10205;Generación medida solar Sevilla;27;Sevilla;2943.187;2023-12-07T00:00:00+01:00
10205;Generación medida solar Sevilla;27;Sevilla;4038.038;2023-12-08T00:00:00+01:00
10205;Generación medida solar Sevilla;27;Sevilla;5979.936;2023-12-09T00:00:00+01:00
10205;Generación medida solar Sevilla;27;Sevilla;8074.125;2023-12-10T00:00:00+01:00
10205;Generación medida solar Sevilla;27;Sevilla;5677.643;2023-12-11T00:00:00+01:00
10205;Generación medida solar Sevilla;27;Sevilla;5373.179;2023-12-12T00:00:00+01:00
10205;Generación medida solar Sevilla;27;Sevilla;3694.215;2023-12-13T00:00:00+01:00
10205;Generación medida solar Sevilla;27;Sevilla;8525.496;2023-12-14T00:00:00+01:00
10205;Generación medida solar Sevilla;27;Sevilla;7753.238;2023-12-15T00:00:00+01:00
10205;Generación medida solar Sevilla;27;Sevilla;8477.841;2023-12-16T00:00:00+01:00
10205;Generación medida solar Sevilla;27;Sevilla;8456.649;2023-12-17T00:00:00+01:00
10205;Generación medida solar Sevilla;27;Sevilla;8128.719;2023-12-18T00:00:00+01:00
10205;Generación medida solar Sevilla;27;Sevilla;8233.007;2023-12-19T00:00:00+01:00
10205;Generación medida solar Sevilla;27;Sevilla;3731.268;2023-12-20T00:00:00+01:00
10205;Generación medida solar Sevilla;27;Sevilla;8408.407;2023-12-21T00:00:00+01:00
10205;Generación medida solar Sevilla;27;Sevilla;8374.203;2023-12-22T00:00:00+01:00
10205;Generación medida solar Sevilla;27;Sevilla;8256.251;2023-12-23T00:00:00+01:00
10205;Generación medida solar Sevilla;27;Sevilla;7785.371;2023-12-24T00:00:00+01:00
10205;Generación medida solar Sevilla;27;Sevilla;7931.817;2023-12-25T00:00:00+01:00
10205;Generación medida solar Sevilla;27;Sevilla;8399.369;2023-12-26T00:00:00+01:00
10205;Generación medida solar Sevilla;27;Sevilla;7986.455;2023-12-27T00:00:00+01:00
10205;Generación medida solar Sevilla;27;Sevilla;4748.652;2023-12-28T00:00:00+01:00
10205;Generación medida solar Sevilla;27;Sevilla;2079.053;2023-12-29T00:00:00+01:00
10205;Generación medida solar Sevilla;27;Sevilla;7274.037;2023-12-30T00:00:00+01:00
10205;Generación medida solar Sevilla;27;Sevilla;3055.324;2023-12-31T00:00:00+01:00
10195;Generación medida total tipo producción Sevilla;27;Sevilla;5911.455;2023-01-16T00:00:00+01:00
10195;Generación medida total tipo producción Sevilla;27;Sevilla;8708.911;2023-01-17T00:00:00+01:00
10195;Generación medida total tipo producción Sevilla;27;Sevilla;11650.969;2023-01-18T00:00:00+01:00
10195;Generación medida total tipo producción Sevilla;27;Sevilla;8570.308;2023-01-19T00:00:00+01:00
10195;Generación medida total tipo producción Sevilla;27;Sevilla;7125.288;2023-01-20T00:00:00+01:00
10195;Generación medida total tipo producción Sevilla;27;Sevilla;6109.878;2023-01-21T00:00:00+01:00
10195;Generación medida total tipo producción Sevilla;27;Sevilla;10381.013;2023-01-22T00:00:00+01:00
10195;Generación medida total tipo producción Sevilla;27;Sevilla;10489.589;2023-01-23T00:00:00+01:00
10195;Generación medida total tipo producción Sevilla;27;Sevilla;9396.752;2023-01-24T00:00:00+01:00
10195;Generación medida total tipo producción Sevilla;27;Sevilla;9671.596;2023-01-25T00:00:00+01:00
10195;Generación medida total tipo producción Sevilla;27;Sevilla;6210.767;2023-01-26T00:00:00+01:00
10195;Generación medida total tipo producción Sevilla;27;Sevilla;9785.383;2023-01-27T00:00:00+01:00
10195;Generación medida total tipo producción Sevilla;27;Sevilla;10359.374;2023-01-28T00:00:00+01:00
10195;Generación medida total tipo producción Sevilla;27;Sevilla;10885.315;2023-01-29T00:00:00+01:00
10195;Generación medida total tipo producción Sevilla;27;Sevilla;11369.835;2023-01-30T00:00:00+01:00
10195;Generación medida total tipo producción Sevilla;27;Sevilla;10009.536;2023-01-31T00:00:00+01:00
10195;Generación medida total tipo producción Sevilla;27;Sevilla;9759.961;2023-02-01T00:00:00+01:00
10195;Generación medida total tipo producción Sevilla;27;Sevilla;10657.88;2023-02-02T00:00:00+01:00
10195;Generación medida total tipo producción Sevilla;27;Sevilla;10867.853;2023-02-03T00:00:00+01:00
10195;Generación medida total tipo producción Sevilla;27;Sevilla;11396.119;2023-02-04T00:00:00+01:00
10195;Generación medida total tipo producción Sevilla;27;Sevilla;11744.677;2023-02-05T00:00:00+01:00
10195;Generación medida total tipo producción Sevilla;27;Sevilla;11312.457;2023-02-06T00:00:00+01:00
10195;Generación medida total tipo producción Sevilla;27;Sevilla;9009.361;2023-02-07T00:00:00+01:00
10195;Generación medida total tipo producción Sevilla;27;Sevilla;5012.722;2023-02-08T00:00:00+01:00
10195;Generación medida total tipo producción Sevilla;27;Sevilla;12449.902;2023-02-09T00:00:00+01:00
10195;Generación medida total tipo producción Sevilla;27;Sevilla;8585.478;2023-02-10T00:00:00+01:00
10195;Generación medida total tipo producción Sevilla;27;Sevilla;10123.833;2023-02-11T00:00:00+01:00
10195;Generación medida total tipo producción Sevilla;27;Sevilla;11267.359;2023-02-12T00:00:00+01:00
10195;Generación medida total tipo producción Sevilla;27;Sevilla;11895.791;2023-02-13T00:00:00+01:00
10195;Generación medida total tipo producción Sevilla;27;Sevilla;8992.52;2023-02-14T00:00:00+01:00
10195;Generación medida total tipo producción Sevilla;27;Sevilla;8124.067;2023-02-15T00:00:00+01:00
10195;Generación medida total tipo producción Sevilla;27;Sevilla;10507.974;2023-02-16T00:00:00+01:00
10195;Generación medida total tipo producción Sevilla;27;Sevilla;7389.719;2023-02-17T00:00:00+01:00
10195;Generación medida total tipo producción Sevilla;27;Sevilla;10279.623;2023-02-18T00:00:00+01:00
10195;Generación medida total tipo producción Sevilla;27;Sevilla;9100.299;2023-02-19T00:00:00+01:00
10195;Generación medida total tipo producción Sevilla;27;Sevilla;7900.635;2023-02-20T00:00:00+01:00
10195;Generación medida total tipo producción Sevilla;27;Sevilla;9008.058;2023-02-21T00:00:00+01:00
10195;Generación medida total tipo producción Sevilla;27;Sevilla;8914.162;2023-02-22T00:00:00+01:00
10195;Generación medida total tipo producción Sevilla;27;Sevilla;10994.535;2023-02-23T00:00:00+01:00
10195;Generación medida total tipo producción Sevilla;27;Sevilla;11500.866;2023-02-24T00:00:00+01:00
10195;Generación medida total tipo producción Sevilla;27;Sevilla;9928.963;2023-02-25T00:00:00+01:00
10195;Generación medida total tipo producción Sevilla;27;Sevilla;8199.349;2023-02-26T00:00:00+01:00
10195;Generación medida total tipo producción Sevilla;27;Sevilla;12735.254;2023-02-27T00:00:00+01:00
10195;Generación medida total tipo producción Sevilla;27;Sevilla;12480.219;2023-02-28T00:00:00+01:00
10195;Generación medida total tipo producción Sevilla;27;Sevilla;13487.37;2023-03-01T00:00:00+01:00
10195;Generación medida total tipo producción Sevilla;27;Sevilla;13606.68;2023-03-02T00:00:00+01:00
10195;Generación medida total tipo producción Sevilla;27;Sevilla;13747.475;2023-03-03T00:00:00+01:00
10195;Generación medida total tipo producción Sevilla;27;Sevilla;8482.296;2023-03-04T00:00:00+01:00
10195;Generación medida total tipo producción Sevilla;27;Sevilla;5036.166;2023-03-05T00:00:00+01:00
10195;Generación medida total tipo producción Sevilla;27;Sevilla;4413.734;2023-03-06T00:00:00+01:00
10195;Generación medida total tipo producción Sevilla;27;Sevilla;8031.423;2023-03-07T00:00:00+01:00
10195;Generación medida total tipo producción Sevilla;27;Sevilla;7393.714;2023-03-08T00:00:00+01:00
10195;Generación medida total tipo producción Sevilla;27;Sevilla;6180.541;2023-03-09T00:00:00+01:00
10195;Generación medida total tipo producción Sevilla;27;Sevilla;12551.83;2023-03-10T00:00:00+01:00
10195;Generación medida total tipo producción Sevilla;27;Sevilla;11605.719;2023-03-11T00:00:00+01:00
10195;Generación medida total tipo producción Sevilla;27;Sevilla;14608.382;2023-03-12T00:00:00+01:00
10195;Generación medida total tipo producción Sevilla;27;Sevilla;13084.408;2023-03-13T00:00:00+01:00
10195;Generación medida total tipo producción Sevilla;27;Sevilla;15582.216;2023-03-14T00:00:00+01:00
10195;Generación medida total tipo producción Sevilla;27;Sevilla;17330.787;2023-03-15T00:00:00+01:00
10195;Generación medida total tipo producción Sevilla;27;Sevilla;15888.467;2023-03-16T00:00:00+01:00
10195;Generación medida total tipo producción Sevilla;27;Sevilla;11689.325;2023-03-17T00:00:00+01:00
10195;Generación medida total tipo producción Sevilla;27;Sevilla;10988.384;2023-03-18T00:00:00+01:00
10195;Generación medida total tipo producción Sevilla;27;Sevilla;16609.73;2023-03-19T00:00:00+01:00
10195;Generación medida total tipo producción Sevilla;27;Sevilla;17212.106;2023-03-20T00:00:00+01:00
10195;Generación medida total tipo producción Sevilla;27;Sevilla;16086.244;2023-03-21T00:00:00+01:00
10195;Generación medida total tipo producción Sevilla;27;Sevilla;17218.717;2023-03-22T00:00:00+01:00
10195;Generación medida total tipo producción Sevilla;27;Sevilla;15927.893;2023-03-23T00:00:00+01:00
10195;Generación medida total tipo producción Sevilla;27;Sevilla;15272.768;2023-03-24T00:00:00+01:00
10195;Generación medida total tipo producción Sevilla;27;Sevilla;17127.694;2023-03-25T00:00:00+01:00
10195;Generación medida total tipo producción Sevilla;27;Sevilla;15407.72;2023-03-26T00:00:00+01:00
10195;Generación medida total tipo producción Sevilla;27;Sevilla;14897.107;2023-03-27T00:00:00+02:00
10195;Generación medida total tipo producción Sevilla;27;Sevilla;17991.53;2023-03-28T00:00:00+02:00
10195;Generación medida total tipo producción Sevilla;27;Sevilla;17555.108;2023-03-29T00:00:00+02:00
10195;Generación medida total tipo producción Sevilla;27;Sevilla;15755.358;2023-03-30T00:00:00+02:00
10195;Generación medida total tipo producción Sevilla;27;Sevilla;16171.13;2023-03-31T00:00:00+02:00
10195;Generación medida total tipo producción Sevilla;27;Sevilla;15505.085;2023-04-01T00:00:00+02:00
10195;Generación medida total tipo producción Sevilla;27;Sevilla;17340.083;2023-04-02T00:00:00+02:00
10195;Generación medida total tipo producción Sevilla;27;Sevilla;18282.553;2023-04-03T00:00:00+02:00
10195;Generación medida total tipo producción Sevilla;27;Sevilla;8472.719;2023-04-04T00:00:00+02:00
10195;Generación medida total tipo producción Sevilla;27;Sevilla;21165.213;2023-04-05T00:00:00+02:00
10195;Generación medida total tipo producción Sevilla;27;Sevilla;17823.695;2023-04-06T00:00:00+02:00
10195;Generación medida total tipo producción Sevilla;27;Sevilla;20087.908;2023-04-07T00:00:00+02:00
10195;Generación medida total tipo producción Sevilla;27;Sevilla;18165.668;2023-04-08T00:00:00+02:00
10195;Generación medida total tipo producción Sevilla;27;Sevilla;13535.442;2023-04-09T00:00:00+02:00
10195;Generación medida total tipo producción Sevilla;27;Sevilla;15537.743;2023-04-10T00:00:00+02:00
10195;Generación medida total tipo producción Sevilla;27;Sevilla;19399.77;2023-04-11T00:00:00+02:00
10195;Generación medida total tipo producción Sevilla;27;Sevilla;15744.607;2023-04-12T00:00:00+02:00
10195;Generación medida total tipo producción Sevilla;27;Sevilla;17850.334;2023-04-13T00:00:00+02:00
10195;Generación medida total tipo producción Sevilla;27;Sevilla;18104.281;2023-04-14T00:00:00+02:00
10195;Generación medida total tipo producción Sevilla;27;Sevilla;18060.007;2023-04-15T00:00:00+02:00
10195;Generación medida total tipo producción Sevilla;27;Sevilla;19095.388;2023-04-16T00:00:00+02:00
10195;Generación medida total tipo producción Sevilla;27;Sevilla;22748.406;2023-04-17T00:00:00+02:00
10195;Generación medida total tipo producción Sevilla;27;Sevilla;23419.354;2023-04-18T00:00:00+02:00
10195;Generación medida total tipo producción Sevilla;27;Sevilla;20617.073;2023-04-19T00:00:00+02:00
10195;Generación medida total tipo producción Sevilla;27;Sevilla;18772.614;2023-04-20T00:00:00+02:00
10195;Generación medida total tipo producción Sevilla;27;Sevilla;14339.815;2023-04-21T00:00:00+02:00
10195;Generación medida total tipo producción Sevilla;27;Sevilla;15512.103;2023-04-22T00:00:00+02:00
10195;Generación medida total tipo producción Sevilla;27;Sevilla;18082.113;2023-04-23T00:00:00+02:00
10195;Generación medida total tipo producción Sevilla;27;Sevilla;20539.459;2023-04-24T00:00:00+02:00
10195;Generación medida total tipo producción Sevilla;27;Sevilla;20209.579;2023-04-25T00:00:00+02:00
10195;Generación medida total tipo producción Sevilla;27;Sevilla;20398.253;2023-04-26T00:00:00+02:00
10195;Generación medida total tipo producción Sevilla;27;Sevilla;15381.268;2023-04-27T00:00:00+02:00
10195;Generación medida total tipo producción Sevilla;27;Sevilla;13720.864;2023-04-28T00:00:00+02:00
10195;Generación medida total tipo producción Sevilla;27;Sevilla;15046.212;2023-04-29T00:00:00+02:00
10195;Generación medida total tipo producción Sevilla;27;Sevilla;12799.89;2023-04-30T00:00:00+02:00
10195;Generación medida total tipo producción Sevilla;27;Sevilla;17403.4;2023-05-01T00:00:00+02:00
10195;Generación medida total tipo producción Sevilla;27;Sevilla;17970.222;2023-05-02T00:00:00+02:00
10195;Generación medida total tipo producción Sevilla;27;Sevilla;17012.6;2023-05-03T00:00:00+02:00
10195;Generación medida total tipo producción Sevilla;27;Sevilla;18240.742;2023-05-04T00:00:00+02:00
10195;Generación medida total tipo producción Sevilla;27;Sevilla;20382.496;2023-05-05T00:00:00+02:00
10195;Generación medida total tipo producción Sevilla;27;Sevilla;21294.934;2023-05-06T00:00:00+02:00
10195;Generación medida total tipo producción Sevilla;27;Sevilla;19758.32;2023-05-07T00:00:00+02:00
10195;Generación medida total tipo producción Sevilla;27;Sevilla;17435.139;2023-05-08T00:00:00+02:00
10195;Generación medida total tipo producción Sevilla;27;Sevilla;18696.92;2023-05-09T00:00:00+02:00
10195;Generación medida total tipo producción Sevilla;27;Sevilla;20491.166;2023-05-10T00:00:00+02:00
10195;Generación medida total tipo producción Sevilla;27;Sevilla;21090.676;2023-05-11T00:00:00+02:00
10195;Generación medida total tipo producción Sevilla;27;Sevilla;21753.678;2023-05-12T00:00:00+02:00
10195;Generación medida total tipo producción Sevilla;27;Sevilla;19989.116;2023-05-13T00:00:00+02:00
10195;Generación medida total tipo producción Sevilla;27;Sevilla;20227.972;2023-05-14T00:00:00+02:00
10195;Generación medida total tipo producción Sevilla;27;Sevilla;20274.685;2023-05-15T00:00:00+02:00
10195;Generación medida total tipo producción Sevilla;27;Sevilla;18883.421;2023-05-16T00:00:00+02:00
10195;Generación medida total tipo producción Sevilla;27;Sevilla;11023.164;2023-05-17T00:00:00+02:00
10195;Generación medida total tipo producción Sevilla;27;Sevilla;13460.544;2023-05-18T00:00:00+02:00
10195;Generación medida total tipo producción Sevilla;27;Sevilla;17367.052;2023-05-19T00:00:00+02:00
10195;Generación medida total tipo producción Sevilla;27;Sevilla;12112.091;2023-05-20T00:00:00+02:00
10195;Generación medida total tipo producción Sevilla;27;Sevilla;10058.85;2023-05-21T00:00:00+02:00
10195;Generación medida total tipo producción Sevilla;27;Sevilla;6881.765;2023-05-22T00:00:00+02:00
10195;Generación medida total tipo producción Sevilla;27;Sevilla;6751.175;2023-05-23T00:00:00+02:00
10195;Generación medida total tipo producción Sevilla;27;Sevilla;15845.911;2023-05-24T00:00:00+02:00
10195;Generación medida total tipo producción Sevilla;27;Sevilla;19139.36;2023-05-25T00:00:00+02:00
10195;Generación medida total tipo producción Sevilla;27;Sevilla;17202.79;2023-05-26T00:00:00+02:00
10195;Generación medida total tipo producción Sevilla;27;Sevilla;7241.23;2023-05-27T00:00:00+02:00
10195;Generación medida total tipo producción Sevilla;27;Sevilla;9908.914;2023-05-28T00:00:00+02:00
10195;Generación medida total tipo producción Sevilla;27;Sevilla;18057.081;2023-05-29T00:00:00+02:00
10195;Generación medida total tipo producción Sevilla;27;Sevilla;20768.832;2023-05-30T00:00:00+02:00
10195;Generación medida total tipo producción Sevilla;27;Sevilla;19399.09;2023-05-31T00:00:00+02:00
10195;Generación medida total tipo producción Sevilla;27;Sevilla;13513.963;2023-06-01T00:00:00+02:00
10195;Generación medida total tipo producción Sevilla;27;Sevilla;14017.223;2023-06-02T00:00:00+02:00
10195;Generación medida total tipo producción Sevilla;27;Sevilla;17903.013;2023-06-03T00:00:00+02:00
10195;Generación medida total tipo producción Sevilla;27;Sevilla;18151.066;2023-06-04T00:00:00+02:00
10195;Generación medida total tipo producción Sevilla;27;Sevilla;19180.821;2023-06-05T00:00:00+02:00
10195;Generación medida total tipo producción Sevilla;27;Sevilla;19849.852;2023-06-06T00:00:00+02:00
10195;Generación medida total tipo producción Sevilla;27;Sevilla;12863.551;2023-06-07T00:00:00+02:00
10195;Generación medida total tipo producción Sevilla;27;Sevilla;6495.671;2023-06-08T00:00:00+02:00
10195;Generación medida total tipo producción Sevilla;27;Sevilla;14188;2023-06-09T00:00:00+02:00
10195;Generación medida total tipo producción Sevilla;27;Sevilla;15270.951;2023-06-10T00:00:00+02:00
10195;Generación medida total tipo producción Sevilla;27;Sevilla;18974.707;2023-06-11T00:00:00+02:00
10195;Generación medida total tipo producción Sevilla;27;Sevilla;16136.921;2023-06-12T00:00:00+02:00
10195;Generación medida total tipo producción Sevilla;27;Sevilla;18962.515;2023-06-13T00:00:00+02:00
10195;Generación medida total tipo producción Sevilla;27;Sevilla;21154.053;2023-06-14T00:00:00+02:00
10195;Generación medida total tipo producción Sevilla;27;Sevilla;21652.239;2023-06-15T00:00:00+02:00
10195;Generación medida total tipo producción Sevilla;27;Sevilla;21368.722;2023-06-16T00:00:00+02:00
10195;Generación medida total tipo producción Sevilla;27;Sevilla;21774.965;2023-06-17T00:00:00+02:00
10195;Generación medida total tipo producción Sevilla;27;Sevilla;18296.847;2023-06-18T00:00:00+02:00
10195;Generación medida total tipo producción Sevilla;27;Sevilla;17299.642;2023-06-19T00:00:00+02:00
10195;Generación medida total tipo producción Sevilla;27;Sevilla;13908.542;2023-06-20T00:00:00+02:00
10195;Generación medida total tipo producción Sevilla;27;Sevilla;17860.309;2023-06-21T00:00:00+02:00
10195;Generación medida total tipo producción Sevilla;27;Sevilla;20327.276;2023-06-22T00:00:00+02:00
10195;Generación medida total tipo producción Sevilla;27;Sevilla;23328.944;2023-06-23T00:00:00+02:00
10195;Generación medida total tipo producción Sevilla;27;Sevilla;22177.992;2023-06-24T00:00:00+02:00
10195;Generación medida total tipo producción Sevilla;27;Sevilla;19965.99;2023-06-25T00:00:00+02:00
10195;Generación medida total tipo producción Sevilla;27;Sevilla;20615.233;2023-06-26T00:00:00+02:00
10195;Generación medida total tipo producción Sevilla;27;Sevilla;19397.241;2023-06-27T00:00:00+02:00
10195;Generación medida total tipo producción Sevilla;27;Sevilla;14842.534;2023-06-28T00:00:00+02:00
10195;Generación medida total tipo producción Sevilla;27;Sevilla;17636.598;2023-06-29T00:00:00+02:00
10195;Generación medida total tipo producción Sevilla;27;Sevilla;19124.935;2023-06-30T00:00:00+02:00
10195;Generación medida total tipo producción Sevilla;27;Sevilla;18239.02;2023-07-01T00:00:00+02:00
10195;Generación medida total tipo producción Sevilla;27;Sevilla;18585.312;2023-07-02T00:00:00+02:00
10195;Generación medida total tipo producción Sevilla;27;Sevilla;20768.076;2023-07-03T00:00:00+02:00
10195;Generación medida total tipo producción Sevilla;27;Sevilla;20670.284;2023-07-04T00:00:00+02:00
10195;Generación medida total tipo producción Sevilla;27;Sevilla;18971.419;2023-07-05T00:00:00+02:00
10195;Generación medida total tipo producción Sevilla;27;Sevilla;20436.759;2023-07-06T00:00:00+02:00
10195;Generación medida total tipo producción Sevilla;27;Sevilla;21761.224;2023-07-07T00:00:00+02:00
10195;Generación medida total tipo producción Sevilla;27;Sevilla;20807.597;2023-07-08T00:00:00+02:00
10195;Generación medida total tipo producción Sevilla;27;Sevilla;20139.092;2023-07-09T00:00:00+02:00
10195;Generación medida total tipo producción Sevilla;27;Sevilla;18155.287;2023-07-10T00:00:00+02:00
10195;Generación medida total tipo producción Sevilla;27;Sevilla;17852.079;2023-07-11T00:00:00+02:00
10195;Generación medida total tipo producción Sevilla;27;Sevilla;19730.725;2023-07-12T00:00:00+02:00
10195;Generación medida total tipo producción Sevilla;27;Sevilla;20130.038;2023-07-13T00:00:00+02:00
10195;Generación medida total tipo producción Sevilla;27;Sevilla;20270.27;2023-07-14T00:00:00+02:00
10195;Generación medida total tipo producción Sevilla;27;Sevilla;20457.822;2023-07-15T00:00:00+02:00
10195;Generación medida total tipo producción Sevilla;27;Sevilla;18257.011;2023-07-16T00:00:00+02:00
10195;Generación medida total tipo producción Sevilla;27;Sevilla;19323.095;2023-07-17T00:00:00+02:00
10195;Generación medida total tipo producción Sevilla;27;Sevilla;13670.181;2023-07-18T00:00:00+02:00
10195;Generación medida total tipo producción Sevilla;27;Sevilla;14378.878;2023-07-19T00:00:00+02:00
10195;Generación medida total tipo producción Sevilla;27;Sevilla;18938.127;2023-07-20T00:00:00+02:00
10195;Generación medida total tipo producción Sevilla;27;Sevilla;20480.345;2023-07-21T00:00:00+02:00
10195;Generación medida total tipo producción Sevilla;27;Sevilla;19954.636;2023-07-22T00:00:00+02:00
10195;Generación medida total tipo producción Sevilla;27;Sevilla;15702.554;2023-07-23T00:00:00+02:00
10195;Generación medida total tipo producción Sevilla;27;Sevilla;20185.049;2023-07-24T00:00:00+02:00
10195;Generación medida total tipo producción Sevilla;27;Sevilla;20933.494;2023-07-25T00:00:00+02:00
10195;Generación medida total tipo producción Sevilla;27;Sevilla;20427.091;2023-07-26T00:00:00+02:00
10195;Generación medida total tipo producción Sevilla;27;Sevilla;19230.768;2023-07-27T00:00:00+02:00
10195;Generación medida total tipo producción Sevilla;27;Sevilla;20009.884;2023-07-28T00:00:00+02:00
10195;Generación medida total tipo producción Sevilla;27;Sevilla;19833.717;2023-07-29T00:00:00+02:00
10195;Generación medida total tipo producción Sevilla;27;Sevilla;19208.359;2023-07-30T00:00:00+02:00
10195;Generación medida total tipo producción Sevilla;27;Sevilla;20944.809;2023-07-31T00:00:00+02:00
10195;Generación medida total tipo producción Sevilla;27;Sevilla;20317.623;2023-08-01T00:00:00+02:00
10195;Generación medida total tipo producción Sevilla;27;Sevilla;20564.211;2023-08-02T00:00:00+02:00
10195;Generación medida total tipo producción Sevilla;27;Sevilla;19756.568;2023-08-03T00:00:00+02:00
10195;Generación medida total tipo producción Sevilla;27;Sevilla;19408.002;2023-08-04T00:00:00+02:00
10195;Generación medida total tipo producción Sevilla;27;Sevilla;21261.312;2023-08-05T00:00:00+02:00
10195;Generación medida total tipo producción Sevilla;27;Sevilla;19686.384;2023-08-06T00:00:00+02:00
10195;Generación medida total tipo producción Sevilla;27;Sevilla;20362.599;2023-08-07T00:00:00+02:00
10195;Generación medida total tipo producción Sevilla;27;Sevilla;15778.808;2023-08-08T00:00:00+02:00
10195;Generación medida total tipo producción Sevilla;27;Sevilla;11866.022;2023-08-09T00:00:00+02:00
10195;Generación medida total tipo producción Sevilla;27;Sevilla;14147.571;2023-08-10T00:00:00+02:00
10195;Generación medida total tipo producción Sevilla;27;Sevilla;18553.301;2023-08-11T00:00:00+02:00
10195;Generación medida total tipo producción Sevilla;27;Sevilla;19117.973;2023-08-12T00:00:00+02:00
10195;Generación medida total tipo producción Sevilla;27;Sevilla;19856.208;2023-08-13T00:00:00+02:00
10195;Generación medida total tipo producción Sevilla;27;Sevilla;20065.261;2023-08-14T00:00:00+02:00
10195;Generación medida total tipo producción Sevilla;27;Sevilla;18728.726;2023-08-15T00:00:00+02:00
10195;Generación medida total tipo producción Sevilla;27;Sevilla;17966.73;2023-08-16T00:00:00+02:00
10195;Generación medida total tipo producción Sevilla;27;Sevilla;19495.318;2023-08-17T00:00:00+02:00
10195;Generación medida total tipo producción Sevilla;27;Sevilla;16801.399;2023-08-18T00:00:00+02:00
10195;Generación medida total tipo producción Sevilla;27;Sevilla;17593.452;2023-08-19T00:00:00+02:00
10195;Generación medida total tipo producción Sevilla;27;Sevilla;16961.478;2023-08-20T00:00:00+02:00
10195;Generación medida total tipo producción Sevilla;27;Sevilla;18652.919;2023-08-21T00:00:00+02:00
10195;Generación medida total tipo producción Sevilla;27;Sevilla;20548.836;2023-08-22T00:00:00+02:00
10195;Generación medida total tipo producción Sevilla;27;Sevilla;20770.106;2023-08-23T00:00:00+02:00
10195;Generación medida total tipo producción Sevilla;27;Sevilla;18336.679;2023-08-24T00:00:00+02:00
10195;Generación medida total tipo producción Sevilla;27;Sevilla;15344.892;2023-08-25T00:00:00+02:00
10195;Generación medida total tipo producción Sevilla;27;Sevilla;8427.561;2023-08-26T00:00:00+02:00
10195;Generación medida total tipo producción Sevilla;27;Sevilla;17313.628;2023-08-27T00:00:00+02:00
10195;Generación medida total tipo producción Sevilla;27;Sevilla;18814.526;2023-08-28T00:00:00+02:00
10195;Generación medida total tipo producción Sevilla;27;Sevilla;19104.242;2023-08-29T00:00:00+02:00
10195;Generación medida total tipo producción Sevilla;27;Sevilla;17861.823;2023-08-30T00:00:00+02:00
10195;Generación medida total tipo producción Sevilla;27;Sevilla;18208.002;2023-08-31T00:00:00+02:00
10195;Generación medida total tipo producción Sevilla;27;Sevilla;15953.289;2023-09-01T00:00:00+02:00
10195;Generación medida total tipo producción Sevilla;27;Sevilla;9158.557;2023-09-02T00:00:00+02:00
10195;Generación medida total tipo producción Sevilla;27;Sevilla;5551.163;2023-09-03T00:00:00+02:00
10195;Generación medida total tipo producción Sevilla;27;Sevilla;14999.14;2023-09-04T00:00:00+02:00
10195;Generación medida total tipo producción Sevilla;27;Sevilla;14529.396;2023-09-05T00:00:00+02:00
10195;Generación medida total tipo producción Sevilla;27;Sevilla;15243.47;2023-09-06T00:00:00+02:00
10195;Generación medida total tipo producción Sevilla;27;Sevilla;12001.565;2023-09-07T00:00:00+02:00
10195;Generación medida total tipo producción Sevilla;27;Sevilla;17030.796;2023-09-08T00:00:00+02:00
10195;Generación medida total tipo producción Sevilla;27;Sevilla;13296.858;2023-09-09T00:00:00+02:00
10195;Generación medida total tipo producción Sevilla;27;Sevilla;15741.595;2023-09-10T00:00:00+02:00
10195;Generación medida total tipo producción Sevilla;27;Sevilla;15908.377;2023-09-11T00:00:00+02:00
10195;Generación medida total tipo producción Sevilla;27;Sevilla;16621.626;2023-09-12T00:00:00+02:00
10195;Generación medida total tipo producción Sevilla;27;Sevilla;17707.893;2023-09-13T00:00:00+02:00
10195;Generación medida total tipo producción Sevilla;27;Sevilla;17638.103;2023-09-14T00:00:00+02:00
10195;Generación medida total tipo producción Sevilla;27;Sevilla;13998.75;2023-09-15T00:00:00+02:00
10195;Generación medida total tipo producción Sevilla;27;Sevilla;8124.713;2023-09-16T00:00:00+02:00
10195;Generación medida total tipo producción Sevilla;27;Sevilla;9221.694;2023-09-17T00:00:00+02:00
10195;Generación medida total tipo producción Sevilla;27;Sevilla;11475.615;2023-09-18T00:00:00+02:00
10195;Generación medida total tipo producción Sevilla;27;Sevilla;17005.39;2023-09-19T00:00:00+02:00
10195;Generación medida total tipo producción Sevilla;27;Sevilla;16863.439;2023-09-20T00:00:00+02:00
10195;Generación medida total tipo producción Sevilla;27;Sevilla;10847.137;2023-09-21T00:00:00+02:00
10195;Generación medida total tipo producción Sevilla;27;Sevilla;13306.07;2023-09-22T00:00:00+02:00
10195;Generación medida total tipo producción Sevilla;27;Sevilla;19296.853;2023-09-23T00:00:00+02:00
10195;Generación medida total tipo producción Sevilla;27;Sevilla;19889.097;2023-09-24T00:00:00+02:00
10195;Generación medida total tipo producción Sevilla;27;Sevilla;19714.637;2023-09-25T00:00:00+02:00
10195;Generación medida total tipo producción Sevilla;27;Sevilla;19479.923;2023-09-26T00:00:00+02:00
10195;Generación medida total tipo producción Sevilla;27;Sevilla;18239.515;2023-09-27T00:00:00+02:00
10195;Generación medida total tipo producción Sevilla;27;Sevilla;17797.05;2023-09-28T00:00:00+02:00
10195;Generación medida total tipo producción Sevilla;27;Sevilla;18725.065;2023-09-29T00:00:00+02:00
10195;Generación medida total tipo producción Sevilla;27;Sevilla;20051.613;2023-09-30T00:00:00+02:00
10195;Generación medida total tipo producción Sevilla;27;Sevilla;20085.855;2023-10-01T00:00:00+02:00
10195;Generación medida total tipo producción Sevilla;27;Sevilla;18506.96;2023-10-02T00:00:00+02:00
10195;Generación medida total tipo producción Sevilla;27;Sevilla;16148.301;2023-10-03T00:00:00+02:00
10195;Generación medida total tipo producción Sevilla;27;Sevilla;16759.118;2023-10-04T00:00:00+02:00
10195;Generación medida total tipo producción Sevilla;27;Sevilla;17725.423;2023-10-05T00:00:00+02:00
10195;Generación medida total tipo producción Sevilla;27;Sevilla;16194.216;2023-10-06T00:00:00+02:00
10195;Generación medida total tipo producción Sevilla;27;Sevilla;14927.144;2023-10-07T00:00:00+02:00
10195;Generación medida total tipo producción Sevilla;27;Sevilla;17820.852;2023-10-08T00:00:00+02:00
10195;Generación medida total tipo producción Sevilla;27;Sevilla;18056.87;2023-10-09T00:00:00+02:00
10195;Generación medida total tipo producción Sevilla;27;Sevilla;17191.05;2023-10-10T00:00:00+02:00
10195;Generación medida total tipo producción Sevilla;27;Sevilla;15629.776;2023-10-11T00:00:00+02:00
10195;Generación medida total tipo producción Sevilla;27;Sevilla;16583.456;2023-10-12T00:00:00+02:00
10195;Generación medida total tipo producción Sevilla;27;Sevilla;10676.71;2023-10-13T00:00:00+02:00
10195;Generación medida total tipo producción Sevilla;27;Sevilla;8975.335;2023-10-14T00:00:00+02:00
10195;Generación medida total tipo producción Sevilla;27;Sevilla;7829.852;2023-10-15T00:00:00+02:00
10195;Generación medida total tipo producción Sevilla;27;Sevilla;7152.595;2023-10-16T00:00:00+02:00
10195;Generación medida total tipo producción Sevilla;27;Sevilla;8118.478;2023-10-17T00:00:00+02:00
10195;Generación medida total tipo producción Sevilla;27;Sevilla;10090.99;2023-10-18T00:00:00+02:00
10195;Generación medida total tipo producción Sevilla;27;Sevilla;6635.935;2023-10-19T00:00:00+02:00
10195;Generación medida total tipo producción Sevilla;27;Sevilla;13082.208;2023-10-20T00:00:00+02:00
10195;Generación medida total tipo producción Sevilla;27;Sevilla;13007.241;2023-10-21T00:00:00+02:00
10195;Generación medida total tipo producción Sevilla;27;Sevilla;5629.022;2023-10-22T00:00:00+02:00
10195;Generación medida total tipo producción Sevilla;27;Sevilla;4857.903;2023-10-23T00:00:00+02:00
10195;Generación medida total tipo producción Sevilla;27;Sevilla;10414.509;2023-10-24T00:00:00+02:00
10195;Generación medida total tipo producción Sevilla;27;Sevilla;8733.665;2023-10-25T00:00:00+02:00
10195;Generación medida total tipo producción Sevilla;27;Sevilla;5648.634;2023-10-26T00:00:00+02:00
10195;Generación medida total tipo producción Sevilla;27;Sevilla;8841.708;2023-10-27T00:00:00+02:00
10195;Generación medida total tipo producción Sevilla;27;Sevilla;8897.559;2023-10-28T00:00:00+02:00
10195;Generación medida total tipo producción Sevilla;27;Sevilla;6392.824;2023-10-29T00:00:00+02:00
10195;Generación medida total tipo producción Sevilla;27;Sevilla;9922.397;2023-10-30T00:00:00+01:00
10195;Generación medida total tipo producción Sevilla;27;Sevilla;4088.854;2023-10-31T00:00:00+01:00
10195;Generación medida total tipo producción Sevilla;27;Sevilla;7259.642;2023-11-01T00:00:00+01:00
10195;Generación medida total tipo producción Sevilla;27;Sevilla;8279.962;2023-11-02T00:00:00+01:00
10195;Generación medida total tipo producción Sevilla;27;Sevilla;9471.883;2023-11-03T00:00:00+01:00
10195;Generación medida total tipo producción Sevilla;27;Sevilla;8125.379;2023-11-04T00:00:00+01:00
10195;Generación medida total tipo producción Sevilla;27;Sevilla;9428.763;2023-11-05T00:00:00+01:00
10195;Generación medida total tipo producción Sevilla;27;Sevilla;11774.729;2023-11-06T00:00:00+01:00
10195;Generación medida total tipo producción Sevilla;27;Sevilla;12171.004;2023-11-07T00:00:00+01:00
10195;Generación medida total tipo producción Sevilla;27;Sevilla;8105.134;2023-11-08T00:00:00+01:00
10195;Generación medida total tipo producción Sevilla;27;Sevilla;5446.404;2023-11-09T00:00:00+01:00
10195;Generación medida total tipo producción Sevilla;27;Sevilla;10277.543;2023-11-10T00:00:00+01:00
10195;Generación medida total tipo producción Sevilla;27;Sevilla;6339.499;2023-11-11T00:00:00+01:00
10195;Generación medida total tipo producción Sevilla;27;Sevilla;8379.61;2023-11-12T00:00:00+01:00
10195;Generación medida total tipo producción Sevilla;27;Sevilla;9711.885;2023-11-13T00:00:00+01:00
10195;Generación medida total tipo producción Sevilla;27;Sevilla;10238.387;2023-11-14T00:00:00+01:00
10195;Generación medida total tipo producción Sevilla;27;Sevilla;10831.277;2023-11-15T00:00:00+01:00
10195;Generación medida total tipo producción Sevilla;27;Sevilla;8464.177;2023-11-16T00:00:00+01:00
10195;Generación medida total tipo producción Sevilla;27;Sevilla;10249.192;2023-11-17T00:00:00+01:00
10195;Generación medida total tipo producción Sevilla;27;Sevilla;12426.811;2023-11-18T00:00:00+01:00
10195;Generación medida total tipo producción Sevilla;27;Sevilla;11847.88;2023-11-19T00:00:00+01:00
10195;Generación medida total tipo producción Sevilla;27;Sevilla;9737.173;2023-11-20T00:00:00+01:00
10195;Generación medida total tipo producción Sevilla;27;Sevilla;7009.392;2023-11-21T00:00:00+01:00
10195;Generación medida total tipo producción Sevilla;27;Sevilla;11465.976;2023-11-22T00:00:00+01:00
10195;Generación medida total tipo producción Sevilla;27;Sevilla;10430.401;2023-11-23T00:00:00+01:00
10195;Generación medida total tipo producción Sevilla;27;Sevilla;9944.995;2023-11-24T00:00:00+01:00
10195;Generación medida total tipo producción Sevilla;27;Sevilla;9880.016;2023-11-25T00:00:00+01:00
10195;Generación medida total tipo producción Sevilla;27;Sevilla;8482.815;2023-11-26T00:00:00+01:00
10195;Generación medida total tipo producción Sevilla;27;Sevilla;5206.15;2023-11-27T00:00:00+01:00
10195;Generación medida total tipo producción Sevilla;27;Sevilla;3934.156;2023-11-28T00:00:00+01:00
10195;Generación medida total tipo producción Sevilla;27;Sevilla;3677.609;2023-11-29T00:00:00+01:00
10195;Generación medida total tipo producción Sevilla;27;Sevilla;5298.979;2023-11-30T00:00:00+01:00
10195;Generación medida total tipo producción Sevilla;27;Sevilla;7413.679;2023-12-01T00:00:00+01:00
10195;Generación medida total tipo producción Sevilla;27;Sevilla;9502.586;2023-12-02T00:00:00+01:00
10195;Generación medida total tipo producción Sevilla;27;Sevilla;7914.614;2023-12-03T00:00:00+01:00
10195;Generación medida total tipo producción Sevilla;27;Sevilla;2569.228;2023-12-04T00:00:00+01:00
10195;Generación medida total tipo producción Sevilla;27;Sevilla;5555.196;2023-12-05T00:00:00+01:00
10195;Generación medida total tipo producción Sevilla;27;Sevilla;3929.696;2023-12-06T00:00:00+01:00
10195;Generación medida total tipo producción Sevilla;27;Sevilla;4493.259;2023-12-07T00:00:00+01:00
10195;Generación medida total tipo producción Sevilla;27;Sevilla;7449.119;2023-12-08T00:00:00+01:00
10195;Generación medida total tipo producción Sevilla;27;Sevilla;7438.357;2023-12-09T00:00:00+01:00
10195;Generación medida total tipo producción Sevilla;27;Sevilla;10129.241;2023-12-10T00:00:00+01:00
10195;Generación medida total tipo producción Sevilla;27;Sevilla;8006.202;2023-12-11T00:00:00+01:00
10195;Generación medida total tipo producción Sevilla;27;Sevilla;7709.744;2023-12-12T00:00:00+01:00
10195;Generación medida total tipo producción Sevilla;27;Sevilla;6386.098;2023-12-13T00:00:00+01:00
10195;Generación medida total tipo producción Sevilla;27;Sevilla;11507.469;2023-12-14T00:00:00+01:00
10195;Generación medida total tipo producción Sevilla;27;Sevilla;11674.164;2023-12-15T00:00:00+01:00
10195;Generación medida total tipo producción Sevilla;27;Sevilla;12632.438;2023-12-16T00:00:00+01:00
10195;Generación medida total tipo producción Sevilla;27;Sevilla;11955.035;2023-12-17T00:00:00+01:00
10195;Generación medida total tipo producción Sevilla;27;Sevilla;11225.728;2023-12-18T00:00:00+01:00
10195;Generación medida total tipo producción Sevilla;27;Sevilla;9549.494;2023-12-19T00:00:00+01:00
10195;Generación medida total tipo producción Sevilla;27;Sevilla;5939.358;2023-12-20T00:00:00+01:00
10195;Generación medida total tipo producción Sevilla;27;Sevilla;11980.323;2023-12-21T00:00:00+01:00
10195;Generación medida total tipo producción Sevilla;27;Sevilla;10746.511;2023-12-22T00:00:00+01:00
10195;Generación medida total tipo producción Sevilla;27;Sevilla;10274.295;2023-12-23T00:00:00+01:00
10195;Generación medida total tipo producción Sevilla;27;Sevilla;8947.974;2023-12-24T00:00:00+01:00
10195;Generación medida total tipo producción Sevilla;27;Sevilla;9130.427;2023-12-25T00:00:00+01:00
10195;Generación medida total tipo producción Sevilla;27;Sevilla;10234.612;2023-12-26T00:00:00+01:00
10195;Generación medida total tipo producción Sevilla;27;Sevilla;9981.465;2023-12-27T00:00:00+01:00
10195;Generación medida total tipo producción Sevilla;27;Sevilla;6874.905;2023-12-28T00:00:00+01:00
10195;Generación medida total tipo producción Sevilla;27;Sevilla;3670.667;2023-12-29T00:00:00+01:00
10195;Generación medida total tipo producción Sevilla;27;Sevilla;8601.272;2023-12-30T00:00:00+01:00
10195;Generación medida total tipo producción Sevilla;27;Sevilla;4249.945;2023-12-31T00:00:00+01:00